[
  {
    "id": "849ec362-5332-4942-8bcf-72b0a82fe8a9",
    "data": [
      {
        "text": "Email me the movie details at ",
        "userDefined": false
      },
      {
        "text": "stephen@gmail.com",
        "meta": "@sys.email",
        "alias": "email",
        "userDefined": true
      }
    ],
    "isTemplate": false,
    "count": 0,
    "lang": "en",
    "updated": 0
  },
  {
    "id": "ce1aa610-21d2-4313-a2d3-eeafc787e991",
    "data": [
      {
        "text": "Email me the movie details",
        "userDefined": false
      }
    ],
    "isTemplate": false,
    "count": 0,
    "lang": "en",
    "updated": 0
  },
  {
    "id": "ca8e1aef-24d7-4e12-a856-a53222fb342a",
    "data": [
      {
        "text": "Could you send these movie details to my email",
        "userDefined": false
      }
    ],
    "isTemplate": false,
    "count": 1,
    "lang": "en",
    "updated": 0
  },
  {
    "id": "963c9073-f0f6-41b5-8efd-56a864b24d06",
    "data": [
      {
        "text": "I want the details in my email",
        "userDefined": false
      }
    ],
    "isTemplate": false,
    "count": 0,
    "lang": "en",
    "updated": 0
  }
]