[
  {
    "id": "17023900-578c-4a5e-9246-fac54979c758",
    "data": [
      {
        "text": "movie details for ",
        "userDefined": false
      },
      {
        "text": "Interstellar",
        "meta": "@movie",
        "alias": "movie",
        "userDefined": true
      }
    ],
    "isTemplate": false,
    "count": 0,
    "lang": "en",
    "updated": 0
  },
  {
    "id": "d07d98c4-5217-456e-bc66-f75822f7f6fc",
    "data": [
      {
        "text": "movie details for ",
        "userDefined": false
      },
      {
        "text": "Inception",
        "meta": "@movie",
        "alias": "movie",
        "userDefined": true
      }
    ],
    "isTemplate": false,
    "count": 1,
    "lang": "en",
    "updated": 0
  },
  {
    "id": "f0621bfe-e2c5-47c9-9e3b-866134c9fb14",
    "data": [
      {
        "text": "movie details for ",
        "userDefined": false
      },
      {
        "text": "titanic",
        "meta": "@movie",
        "alias": "movie",
        "userDefined": true
      }
    ],
    "isTemplate": false,
    "count": 0,
    "lang": "en",
    "updated": 0
  },
  {
    "id": "2322c227-5d0e-4952-8a32-f93a244b26b4",
    "data": [
      {
        "text": "brief about movie ",
        "userDefined": false
      },
      {
        "text": "Toy Story",
        "meta": "@movie",
        "alias": "movie",
        "userDefined": true
      }
    ],
    "isTemplate": false,
    "count": 0,
    "lang": "en",
    "updated": 0
  }
]